word,dim_1,dim_2,dim_3
barks,1.764052345967664,0.4001572083672233,0.9787379841057392
cat,2.240893199201458,1.8675579901499675,-0.977277879876411
dog,0.9500884175255894,-0.1513572082976979,-0.10321885179355784
kitten,0.41059850193837233,0.144043571160878,1.454273506962975
meows,0.7610377251469934,0.12167501649282841,0.44386323274542566
plays,0.33367432737426683,1.4940790731576061,-0.20515826376580087
puppy,0.31306770165090136,-0.8540957393017248,-2.5529898158340787
